"nemotecnico","run","clase"
"ACWI",NA,"RV Internacional"
"CFM-BICXDI","8750","RF Nacional"
"CFMBBVPAAH","8116","Balanceados Nacional"
"CFMBBVPAAP","8116","Balanceados Nacional"
"CFMBBVPACL","8116","Balanceados Nacional"
"CFMBBVPATH","8116","Balanceados Nacional"
"CFMBBVPAWE","8116","Balanceados Nacional"
"CFMBBVPCAP","8886","RF Nacional"
"CFMBBVPCAS","8886","RF Nacional"
"CFMBBVPCCL","8886","RF Nacional"
"CFMBBVPCWE","8886","RF Nacional"
"CFMBBVPCWH","8886","RF Nacional"
"CFMBBVPMAC","8740","Balanceados Nacional"
"CFMBBVPMAE","8740","Balanceados Nacional"
"CFMBBVPMAH","8740","Balanceados Nacional"
"CFMBBVPMAP","8740","Balanceados Nacional"
"CFMBBVPMAW","8740","Balanceados Nacional"
"CFMBBVRVLC","8482","RV Nacional"
"CFMBBVRVLE","8482","RV Nacional"
"CFMBBVRVLP","8482","RV Nacional"
"CFMBBVRVLW","8482","RV Nacional"
"CFMBCHAABP","8517","RV Nacional"
"CFMBCHAACC","8517","RV Nacional"
"CFMBCHABCH","8517","RV Nacional"
"CFMBCHACBC","8377","Balanceados Nacional"
"CFMBCHACCA","8377","Balanceados Nacional"
"CFMBCHAIOB","8517","RV Nacional"
"CFMBCHASAC","8517","RV Nacional"
"CFMBCHASAV","8517","RV Nacional"
"CFMBCHCAPE","9022","RF Nacional"
"CFMBCHCAPP","9022","RF Nacional"
"CFMBCHCBCA","9489","RV Nacional"
"CFMBCHCBCB","9489","RV Nacional"
"CFMBCHCBCH","9489","RV Nacional"
"CFMBCHCBPL","8274","RF Nacional"
"CFMBCHCDBH","8248","RF Nacional"
"CFMBCHCDBL","8248","RF Nacional"
"CFMBCHCDFU","8248","RF Nacional"
"CFMBCHCDIT","8248","RF Nacional"
"CFMBCHCFBL","8026","RF Nacional"
"CFMBCHCFCH","8026","RF Nacional"
"CFMBCHCFIN","8026","RF Nacional"
"CFMBCHCFIP","8026","RF Nacional"
"CFMBCHCFIT","8026","RF Nacional"
"CFMBCHCRBH","8274","RF Nacional"
"CFMBCHCREC","8274","RF Nacional"
"CFMBCHCREE","8274","RF Nacional"
"CFMBCHCROB","8026","RF Nacional"
"CFMBCHCRP1","8274","RF Nacional"
"CFMBCHCTOB","8274","RF Nacional"
"CFMBCHDADC","8934","RF Nacional"
"CFMBCHDEBC","8957","RF Nacional"
"CFMBCHDEBH","8934","RF Nacional"
"CFMBCHDEBP","8934","RF Nacional"
"CFMBCHDESA","8934","RF Nacional"
"CFMBCHDESD","8934","RF Nacional"
"CFMBCHDEUD","8957","RF Nacional"
"CFMBCHDIAD","8052","RF Nacional"
"CFMBCHDING","8249","RF Nacional"
"CFMBCHDIPL","8052","RF Nacional"
"CFMBCHDLEB","8052","RF Nacional"
"CFMBCHDXIB","8152","RF Nacional"
"CFMBCHDXXI","8152","RF Nacional"
"CFMBCHEBPL","9043","Balanceados Nacional"
"CFMBCHEDBP","8129","RV Nacional"
"CFMBCHEMBC","8299","RV Nacional"
"CFMBCHEMBH","8054","RV Nacional"
"CFMBCHEMBP","8054","RV Nacional"
"CFMBCHEMDB","8054","RV Nacional"
"CFMBCHEMFC","8054","RV Nacional"
"CFMBCHEMFU","8054","RV Nacional"
"CFMBCHEMKA","8299","RV Nacional"
"CFMBCHEMMC","8299","RV Nacional"
"CFMBCHEPVD","8125","RF Nacional"
"CFMBCHESBP","8125","RF Nacional"
"CFMBCHESTB","8125","RF Nacional"
"CFMBCHESTD","8125","RF Nacional"
"CFMBCHESTR","8125","RF Nacional"
"CFMBCHEUBH","8129","RV Nacional"
"CFMBCHEUDA","8129","RV Nacional"
"CFMBCHEUDB","8129","RV Nacional"
"CFMBCHEUDC","8129","RV Nacional"
"CFMBCHEUFB","8934","RF Nacional"
"CFMBCHGDBH","8301","RV Nacional"
"CFMBCHGDFU","8301","RV Nacional"
"CFMBCHGLDC","8301","RV Nacional"
"CFMBCHGMCA","8088","RV Nacional"
"CFMBCHGMCC","8088","RV Nacional"
"CFMBCHGMPL","8088","RV Nacional"
"CFMBCHGNDB","8088","RV Nacional"
"CFMBCHHOBH","8023","RF Nacional"
"CFMBCHHOBP","8023","RF Nacional"
"CFMBCHHOIT","8023","RF Nacional"
"CFMBCHHORD","8023","RF Nacional"
"CFMBCHHORI","8023","RF Nacional"
"CFMBCHHORV","8023","RF Nacional"
"CFMBCHHTEB","8023","RF Nacional"
"CFMBCHIAIB","8380","RV Nacional"
"CFMBCHIN10","9043","Balanceados Nacional"
"CFMBCHINAD","8380","RV Nacional"
"CFMBCHINBH","8380","RV Nacional"
"CFMBCHINCI","8380","RV Nacional"
"CFMBCHINP1","8380","RV Nacional"
"CFMBCHINP2","8380","RV Nacional"
"CFMBCHIUBH","8078","RV Nacional"
"CFMBCHIUBP","8078","RV Nacional"
"CFMBCHIUSA","8078","RV Nacional"
"CFMBCHIUSC","8078","RV Nacional"
"CFMBCHLABP","8811","RV Nacional"
"CFMBCHLCA1","8249","RF Nacional"
"CFMBCHLCIH","8249","RF Nacional"
"CFMBCHLCIP","8249","RF Nacional"
"CFMBCHLMCB","8811","RV Nacional"
"CFMBCHLMCC","8811","RV Nacional"
"CFMBCHLTBH","8811","RV Nacional"
"CFMBCHLTMC","8811","RV Nacional"
"CFMBCHPACB","8377","Balanceados Nacional"
"CFMBCHPBLP","8448","Balanceados Nacional"
"CFMBCHPCBP","8377","Balanceados Nacional"
"CFMBCHRMDI","8274","RF Nacional"
"CFMBCHUESB","8127","RF Nacional"
"CFMBCHUNDB","8078","RV Nacional"
"CFMBCHUSBH","8300","RV Nacional"
"CFMBCHUSDC","8300","RV Nacional"
"CFMBCHUSDF","8300","RV Nacional"
"CFMBCHUTBH","8127","RF Nacional"
"CFMBCHUTBP","8127","RF Nacional"
"CFMBCHUTGE","8127","RF Nacional"
"CFMBCHUTGL","8127","RF Nacional"
"CFMBCHUTP1","8127","RF Nacional"
"CFMBCHVAAB","8448","Balanceados Nacional"
"CFMBCHVDIA","8448","Balanceados Nacional"
"CFMBCHXXBH","8152","RF Nacional"
"CFMBCHXXID","8152","RF Nacional"
"CFMBCHXXIV","8152","RF Nacional"
"CFMBCIBOSF","8327","RF Nacional"
"CFMBCIBOSV","8327","RF Nacional"
"CFMBCICDSC","8967","RF Nacional"
"CFMBCICDST","8967","RF Nacional"
"CFMBCICNIV","9063","Balanceados Nacional"
"CFMBCICNPV","9063","Balanceados Nacional"
"CFMBCICOMA","8107","RF Nacional"
"CFMBCICOME","8107","RF Nacional"
"CFMBCICOMG","8107","RF Nacional"
"CFMBCICOMI","8107","RF Nacional"
"CFMBCICPAP","8107","RF Nacional"
"CFMBCIDALC","8174","RF Nacional"
"CFMBCIDALF","8174","RF Nacional"
"CFMBCIDALV","8174","RF Nacional"
"CFMBCIDCAP","8257","RF Nacional"
"CFMBCIDCCL","8257","RF Nacional"
"CFMBCIDCH1","9511","Balanceados Nacional"
"CFMBCIDCH3","9511","Balanceados Nacional"
"CFMBCIDCH4","9511","Balanceados Nacional"
"CFMBCIDLHA","8967","RF Nacional"
"CFMBCIDPSB","8064","RF Nacional"
"CFMBCIDPSF","8064","RF Nacional"
"CFMBCIDSHG","8257","RF Nacional"
"CFMBCIEFCL","8037","RF Nacional"
"CFMBCIEFEA","8037","RF Nacional"
"CFMBCIEFEG","8037","RF Nacional"
"CFMBCIEFEI","8037","RF Nacional"
"CFMBCIFUFC","8941","RF Nacional"
"CFMBCIFUFF","8941","RF Nacional"
"CFMBCIG20A","8638","Balanceados Nacional"
"CFMBCIG20B","8638","Balanceados Nacional"
"CFMBCIG20C","8638","Balanceados Nacional"
"CFMBCIG20F","8638","Balanceados Nacional"
"CFMBCIG50A","8639","Balanceados Nacional"
"CFMBCIG50B","8639","Balanceados Nacional"
"CFMBCIG50C","8639","Balanceados Nacional"
"CFMBCIG50F","8639","Balanceados Nacional"
"CFMBCIG80A","8640","Balanceados Nacional"
"CFMBCIG80B","8640","Balanceados Nacional"
"CFMBCIG80C","8640","Balanceados Nacional"
"CFMBCIG80F","8640","Balanceados Nacional"
"CFMBCIGABC","8460","RF Nacional"
"CFMBCIGABP","8460","RF Nacional"
"CFMBCIGACL","8460","RF Nacional"
"CFMBCIGAHA","8460","RF Nacional"
"CFMBCIGAHF","8460","RF Nacional"
"CFMBCIGVRB","8108","RF Nacional"
"CFMBCIGVRC","8108","RF Nacional"
"CFMBCIGVRF","8108","RF Nacional"
"CFMBCIGVRP","8108","RF Nacional"
"CFMBCILCAP","8967","RF Nacional"
"CFMBCILCBC","8967","RF Nacional"
"CFMBCILCBP","8967","RF Nacional"
"CFMBCIMOAP","8731","RF Nacional"
"CFMBCINDAP","9231","RF Nacional"
"CFMBCINDBC","9231","RF Nacional"
"CFMBCINDBP","9231","RF Nacional"
"CFMBCINDCL","9231","RF Nacional"
"CFMBCINDSA","9231","RF Nacional"
"CFMBCINGB1","8327","RF Nacional"
"CFMBCINGBC","8941","RF Nacional"
"CFMBCINGCS","8327","RF Nacional"
"CFMBCIPAHV","9061","RF Nacional"
"CFMBCIPAIN","9060","Balanceados Nacional"
"CFMBCIPAIV","9061","RF Nacional"
"CFMBCIPAPV","9060","Balanceados Nacional"
"CFMBCIPBIN","9062","Balanceados Nacional"
"CFMBCIPBPV","9062","Balanceados Nacional"
"CFMBCIPEAV","8064","RF Nacional"
"CFMBCIPECL","8064","RF Nacional"
"CFMBCIPESA","8064","RF Nacional"
"CFMBCIRCLA","8036","RF Nacional"
"CFMBCIRDAD","9445","RF Nacional"
"CFMBCIRDAP","9445","RF Nacional"
"CFMBCIRDBC","9445","RF Nacional"
"CFMBCIRDBP","9445","RF Nacional"
"CFMBCIRDCL","9445","RF Nacional"
"CFMBCIRDSA","9445","RF Nacional"
"CFMBCIRDSI","9445","RF Nacional"
"CFMBCIRFAM","8036","RF Nacional"
"CFMBCIRTOV","8036","RF Nacional"
"CFMBCISBBC","8430","RV Nacional"
"CFMBCISBGA","8430","RV Nacional"
"CFMBCISBLB","8430","RV Nacional"
"CFMBCISBLC","8430","RV Nacional"
"CFMBCISBLF","8430","RV Nacional"
"CFMBCISBLP","8430","RV Nacional"
"CFMBCITOBP","8787","RV Nacional"
"CFMBCITOPP","8787","RV Nacional"
"CFMBCIUFAP","8941","RF Nacional"
"CFMBICBEFC","8029","RF Nacional"
"CFMBICBEUA","8114","RV Nacional"
"CFMBICBEUB","8114","RV Nacional"
"CFMBICBEUC","8114","RV Nacional"
"CFMBICBEUD","8114","RV Nacional"
"CFMBICBEUF","8114","RV Nacional"
"CFMBICBEUI","8114","RV Nacional"
"CFMBICBEXG","8063","RF Nacional"
"CFMBICBLAG","8537","RV Nacional"
"CFMBICBLTA","8537","RV Nacional"
"CFMBICBLTB","8537","RV Nacional"
"CFMBICBLTC","8537","RV Nacional"
"CFMBICBLTD","8537","RV Nacional"
"CFMBICBLTF","8537","RV Nacional"
"CFMBICBLTI","8537","RV Nacional"
"CFMBICBMEB","8475","RV Nacional"
"CFMBICBMEC","8475","RV Nacional"
"CFMBICBMED","8475","RV Nacional"
"CFMBICBMEF","8475","RV Nacional"
"CFMBICBMEG","8475","RV Nacional"
"CFMBICBMEI","8475","RV Nacional"
"CFMBICBMEM","8475","RV Nacional"
"CFMBICBNAA","8183","RV Nacional"
"CFMBICBNAB","8183","RV Nacional"
"CFMBICBNAC","8183","RV Nacional"
"CFMBICBNAD","8183","RV Nacional"
"CFMBICBNAF","8183","RV Nacional"
"CFMBICBNAG","8183","RV Nacional"
"CFMBICBNAI","8183","RV Nacional"
"CFMBICBNFB","8029","RF Nacional"
"CFMBICBNFC","8029","RF Nacional"
"CFMBICBNFE","8029","RF Nacional"
"CFMBICBNFF","8029","RF Nacional"
"CFMBICBNFI","8029","RF Nacional"
"CFMBICBPAG","8114","RV Nacional"
"CFMBICBRAG","8141","RF Nacional"
"CFMBICBVAG","8142","RV Nacional"
"CFMBICCHAA","8819","RV Nacional"
"CFMBICCHAC","8819","RV Nacional"
"CFMBICCHAD","8819","RV Nacional"
"CFMBICCHAF","8819","RV Nacional"
"CFMBICCHAI","8819","RV Nacional"
"CFMBICCMCA","8553","RV Nacional"
"CFMBICCMCB","8553","RV Nacional"
"CFMBICCMCC","8553","RV Nacional"
"CFMBICCMCF","8553","RV Nacional"
"CFMBICCMCI","8553","RV Nacional"
"CFMBICDCOG","8785","Balanceados Nacional"
"CFMBICDINA","8785","Balanceados Nacional"
"CFMBICDINC","8785","Balanceados Nacional"
"CFMBICDIND","8785","Balanceados Nacional"
"CFMBICDINE","8785","Balanceados Nacional"
"CFMBICDINF","8785","Balanceados Nacional"
"CFMBICDINI","8785","Balanceados Nacional"
"CFMBICEIND","8063","RF Nacional"
"CFMBICELPA","9238","RF Nacional"
"CFMBICELPB","9238","RF Nacional"
"CFMBICELPC","9238","RF Nacional"
"CFMBICELPD","9238","RF Nacional"
"CFMBICELPF","9238","RF Nacional"
"CFMBICELPG","9238","RF Nacional"
"CFMBICELPI","9238","RF Nacional"
"CFMBICEMGA","8100","RF Nacional"
"CFMBICEMGI","8100","RF Nacional"
"CFMBICEMGX","8100","RF Nacional"
"CFMBICERGC","9843","RF Nacional"
"CFMBICERGI","9843","RF Nacional"
"CFMBICEXDC","8750","RF Nacional"
"CFMBICEXDO","8750","RF Nacional"
"CFMBICEXTA","8141","RF Nacional"
"CFMBICEXTB","8141","RF Nacional"
"CFMBICEXTC","8141","RF Nacional"
"CFMBICEXTD","8141","RF Nacional"
"CFMBICEXTE","8141","RF Nacional"
"CFMBICEXTF","8141","RF Nacional"
"CFMBICINDB","8063","RF Nacional"
"CFMBICINDD","8063","RF Nacional"
"CFMBICINDF","8063","RF Nacional"
"CFMBICLIQB","8506","RF Nacional"
"CFMBICLIQX","8063","RF Nacional"
"CFMBICMDOC","8506","RF Nacional"
"CFMBICMDOI","8506","RF Nacional"
"CFMBICMDOL","8506","RF Nacional"
"CFMBICMERG","8295","Balanceados Nacional"
"CFMBICMSTA","8295","Balanceados Nacional"
"CFMBICMSTC","8295","Balanceados Nacional"
"CFMBICMSTD","8295","Balanceados Nacional"
"CFMBICMSTE","8295","Balanceados Nacional"
"CFMBICMSTF","8295","Balanceados Nacional"
"CFMBICMSTI","8295","Balanceados Nacional"
"CFMBICMUAA","8924","RV Nacional"
"CFMBICMUAB","8924","RV Nacional"
"CFMBICMUAC","8924","RV Nacional"
"CFMBICMUAD","8924","RV Nacional"
"CFMBICMUAE","8924","RV Nacional"
"CFMBICMUAF","8924","RV Nacional"
"CFMBICMUAI","8924","RV Nacional"
"CFMBICRGDA","9843","RF Nacional"
"CFMBICRGDC","10125","RF Nacional"
"CFMBICRGDI","10125","RF Nacional"
"CFMBICRUFI","8141","RF Nacional"
"CFMBICSAUD","10049","Balanceados Nacional"
"CFMBICSENT","10048","Balanceados Nacional"
"CFMBICSPRU","10050","Balanceados Nacional"
"CFMBICTETG","8032","Balanceados Nacional"
"CFMBICTGLA","10009","RV Nacional"
"CFMBICTGLC","10009","RV Nacional"
"CFMBICTGLF","10009","RV Nacional"
"CFMBICTGLI","10009","RV Nacional"
"CFMBICTGRC","8032","Balanceados Nacional"
"CFMBICTGRF","8032","Balanceados Nacional"
"CFMBICTGRI","8032","Balanceados Nacional"
"CFMBICTRGA","8032","Balanceados Nacional"
"CFMBICTRGD","8032","Balanceados Nacional"
"CFMBICTRGE","8032","Balanceados Nacional"
"CFMBICVAND","8142","RV Nacional"
"CFMBICVLRA","8902","RF Nacional"
"CFMBICVLRB","8902","RF Nacional"
"CFMBICVLRC","8902","RF Nacional"
"CFMBICVLRD","8902","RF Nacional"
"CFMBICVLRE","8902","RF Nacional"
"CFMBICVLRF","8902","RF Nacional"
"CFMBICVLRI","8902","RF Nacional"
"CFMBICVNGA","8142","RV Nacional"
"CFMBICVNGB","8142","RV Nacional"
"CFMBICVNGC","8142","RV Nacional"
"CFMBICVNGF","8142","RV Nacional"
"CFMBICVNGI","8142","RV Nacional"
"CFMBIDINSA","9693","RF Nacional"
"CFMBIDINSB","9693","RF Nacional"
"CFMBIDINSC","9693","RF Nacional"
"CFMBIDINSD","9693","RF Nacional"
"CFMBIDINSI","9693","RF Nacional"
"CFMBILIQSA","9690","RF Nacional"
"CFMBILIQSB","9690","RF Nacional"
"CFMBILIQSC","9690","RF Nacional"
"CFMBILIQSD","9690","RF Nacional"
"CFMBILIQSG","9690","RF Nacional"
"CFMBILIQSI","9690","RF Nacional"
"CFMBIMASSA","9692","RF Nacional"
"CFMBIMASSB","9692","RF Nacional"
"CFMBIMASSC","9692","RF Nacional"
"CFMBIMASSD","9692","RF Nacional"
"CFMBIMASSE","9692","RF Nacional"
"CFMBIMASSG","9692","RF Nacional"
"CFMBIMASSI","9692","RF Nacional"
"CFMBNSACAS","8289","RV Nacional"
"CFMBNSACCL","8289","RV Nacional"
"CFMBNSACCO","8289","RV Nacional"
"CFMBNSACPA","8289","RV Nacional"
"CFMBNSACWB","8289","RV Nacional"
"CFMBNSACWH","8289","RV Nacional"
"CFMBNSAEAP","8484","RV Nacional"
"CFMBNSAECL","8484","RV Nacional"
"CFMBNSAEWB","8484","RV Nacional"
"CFMBNSAEWH","8484","RV Nacional"
"CFMBNSASAP","8822","RV Nacional"
"CFMBNSASCL","8822","RV Nacional"
"CFMBNSASWB","8822","RV Nacional"
"CFMBNSASWH","8822","RV Nacional"
"CFMBNSAUAP","8480","RV Nacional"
"CFMBNSAUCL","8480","RV Nacional"
"CFMBNSAUWB","8480","RV Nacional"
"CFMBNSAUWE","8480","RV Nacional"
"CFMBNSCLAF","8049","RF Nacional"
"CFMBNSCLIB","8049","RF Nacional"
"CFMBNSCMAP","8857","RV Nacional"
"CFMBNSCMCL","8857","RV Nacional"
"CFMBNSCMWB","8857","RV Nacional"
"CFMBNSDCAP","8991","RF Nacional"
"CFMBNSDCCL","8991","RF Nacional"
"CFMBNSDCHC","9021","RF Nacional"
"CFMBNSDCHH","9021","RF Nacional"
"CFMBNSDCHP","9021","RF Nacional"
"CFMBNSDCHW","9021","RF Nacional"
"CFMBNSDCWB","8991","RF Nacional"
"CFMBNSDCWE","8991","RF Nacional"
"CFMBNSDLAP","8244","RF Nacional"
"CFMBNSDLCL","8244","RF Nacional"
"CFMBNSDLPC","9154","RF Nacional"
"CFMBNSDLPH","9154","RF Nacional"
"CFMBNSDLPP","9154","RF Nacional"
"CFMBNSDLPV","9154","RF Nacional"
"CFMBNSDLPW","9154","RF Nacional"
"CFMBNSDMAP","8292","RF Nacional"
"CFMBNSDMCL","8292","RF Nacional"
"CFMBNSDMUC","8106","RF Nacional"
"CFMBNSDMUH","8106","RF Nacional"
"CFMBNSDMUP","8106","RF Nacional"
"CFMBNSDMUW","8106","RF Nacional"
"CFMBNSDMWB","8292","RF Nacional"
"CFMBNSDMWH","8292","RF Nacional"
"CFMBNSDOLA","8238","RF Nacional"
"CFMBNSMMDI","8238","RF Nacional"
"CFMBNSMMDL","8238","RF Nacional"
"CFMBNSMMDM","8238","RF Nacional"
"CFMBNSMMII","8049","RF Nacional"
"CFMBNSMMLA","8049","RF Nacional"
"CFMBNSMMSM","8049","RF Nacional"
"CFMBNSPMAP","8741","Balanceados Nacional"
"CFMBNSPMAS","8741","Balanceados Nacional"
"CFMBNSPMCC","8304","RF Nacional"
"CFMBNSPMCH","8304","RF Nacional"
"CFMBNSPMCL","8741","Balanceados Nacional"
"CFMBNSPMCP","8304","RF Nacional"
"CFMBNSPMCS","8304","RF Nacional"
"CFMBNSPMCW","8304","RF Nacional"
"CFMBNSPMVI","8741","Balanceados Nacional"
"CFMBNSPMVV","8741","Balanceados Nacional"
"CFMBNSPMWB","8741","Balanceados Nacional"
"CFMBNSPMWE","8741","Balanceados Nacional"
"CFMBNSRDAP","8367","RF Nacional"
"CFMBNSRDCL","8367","RF Nacional"
"CFMBNSRDWE","8367","RF Nacional"
"CFMBNSREAP","8604","RV Nacional"
"CFMBNSRECL","8604","RV Nacional"
"CFMBNSREWB","8604","RV Nacional"
"CFMBNSREWE","8604","RV Nacional"
"CFMBNSSLAP","8187","RF Nacional"
"CFMBNSSLAS","8187","RF Nacional"
"CFMBNSSLCL","8187","RF Nacional"
"CFMBNSSLWB","8187","RF Nacional"
"CFMBNSSLWE","8187","RF Nacional"
"CFMBOTCRPC","8234","RF Nacional"
"CFMBTGACDC","8205","RV Nacional"
"CFMBTGACLD","8206","RV Nacional"
"CFMBTGACLI","8206","RV Nacional"
"CFMBTGACLX","8206","RV Nacional"
"CFMBTGAUSF","8205","RV Nacional"
"CFMBTGGACF","9006","Balanceados Nacional"
"CFMBTGGADC","9006","Balanceados Nacional"
"CFMBTGGDDC","9005","RV Nacional"
"CFMBTGGEDC","9024","RV Nacional"
"CFMBTGMMBT","8202","RF Nacional"
"CFMBTGMMDF","8618","RF Nacional"
"CFMBTGMMKD","8202","RF Nacional"
"CFMBTGMOMF","8202","RF Nacional"
"CFMBTGRACF","8950","RF Nacional"
"CFMBTGRADC","8203","RF Nacional"
"CFMBTGRCBT","8203","RF Nacional"
"CFMBTGRCHD","8203","RF Nacional"
"CFMBTGRIDC","9209","RF Nacional"
"CFMBTGRINA","9209","RF Nacional"
"CFMBTGRINB","9209","RF Nacional"
"CFMBTGRINC","9209","RF Nacional"
"CFMBTGRINF","9209","RF Nacional"
"CFMBTGRINI","9209","RF Nacional"
"CFMBTGRLBG","8897","RF Nacional"
"CFMBTGRLOD","8897","RF Nacional"
"CFMBTGRNBT","8358","RF Nacional"
"CFMBTGRNOD","8358","RF Nacional"
"CFMBTGRPBT","8932","RF Nacional"
"CFMBTGRPLD","8932","RF Nacional"
"CFMCCCLIGA","9365","RF Nacional"
"CFMCCCLIGB","9365","RF Nacional"
"CFMCCCLIGI","9365","RF Nacional"
"CFMCCCLIGU","9365","RF Nacional"
"CFMCCCLIIM","9365","RF Nacional"
"CFMCCCMONF","8945","RF Nacional"
"CFMCCCRESB","8421","RF Nacional"
"CFMCCCRESI","8421","RF Nacional"
"CFMCCCRESM","8421","RF Nacional"
"CFMCCCRSAC","8421","RF Nacional"
"CFMCCDEUAC","9056","RF Nacional"
"CFMCCDEUTY","9056","RF Nacional"
"CFMCCESTRA","8982","RV Nacional"
"CFMCCESTRB","8982","RV Nacional"
"CFMCCESTRC","8982","RV Nacional"
"CFMCCESTRE","8982","RV Nacional"
"CFMCCESTRI","8982","RV Nacional"
"CFMCCESTRM","8982","RV Nacional"
"CFMCCGLOAC","8427","RV Nacional"
"CFMCCGLOBB","8427","RV Nacional"
"CFMCCGLOBE","8427","RV Nacional"
"CFMCCGLOBI","8427","RV Nacional"
"CFMCCGLOCC","8427","RV Nacional"
"CFMCCGLOIM","8427","RV Nacional"
"CFMCCINTAC","8442","RF Nacional"
"CFMCCLIQAC","8401","RF Nacional"
"CFMCCLIQCC","8401","RF Nacional"
"CFMCCLIQTY","8401","RF Nacional"
"CFMCCMONAC","8945","RF Nacional"
"CFMCCMONCC","8945","RF Nacional"
"CFMCCMONMB","8945","RF Nacional"
"CFMCCMONMI","8945","RF Nacional"
"CFMCCMONMM","8945","RF Nacional"
"CFMCCRINIM","8442","RF Nacional"
"CFMCCRINTB","8442","RF Nacional"
"CFMCCRINTE","8442","RF Nacional"
"CFMCFNAEMB","8206","RV Nacional"
"CFMCFNAINB","8205","RV Nacional"
"CFMCFNAINI","8205","RV Nacional"
"CFMCFNCLAB","8898","RV Nacional"
"CFMCFNGACA","9006","Balanceados Nacional"
"CFMCFNGACB","9006","Balanceados Nacional"
"CFMCFNGACC","9006","Balanceados Nacional"
"CFMCFNGACI","9006","Balanceados Nacional"
"CFMCFNGADG","9006","Balanceados Nacional"
"CFMCFNGDEB","9005","RV Nacional"
"CFMCFNGDEI","9005","RV Nacional"
"CFMCFNGEMB","9024","RV Nacional"
"CFMCFNGEMI","9024","RV Nacional"
"CFMCFNMMKA","8202","RF Nacional"
"CFMCFNMMKI","8202","RF Nacional"
"CFMCFNRACA","8950","RF Nacional"
"CFMCFNRACB","8950","RF Nacional"
"CFMCFNRACC","8950","RF Nacional"
"CFMCFNRACI","8950","RF Nacional"
"CFMCFNRCHA","8203","RF Nacional"
"CFMCFNRCHB","8203","RF Nacional"
"CFMCFNRCHI","8203","RF Nacional"
"CFMCFNREMA","8207","RF Nacional"
"CFMCFNREMB","8207","RF Nacional"
"CFMCFNREMI","8207","RF Nacional"
"CFMCFNREPA","8932","RF Nacional"
"CFMCFNREPB","8932","RF Nacional"
"CFMCFNREPI","8932","RF Nacional"
"CFMCFNRETA","8575","RV Nacional"
"CFMCFNRETB","8575","RV Nacional"
"CFMCFNRETC","8575","RV Nacional"
"CFMCFNRETI","8575","RV Nacional"
"CFMCFNRINA","8618","RF Nacional"
"CFMCFNRINB","8618","RF Nacional"
"CFMCFNRINI","8618","RF Nacional"
"CFMCFNRLOA","8897","RF Nacional"
"CFMCFNRLOB","8897","RF Nacional"
"CFMCFNRLOI","8897","RF Nacional"
"CFMCFNRNOA","8358","RF Nacional"
"CFMCFNRNOB","8358","RF Nacional"
"CFMCFNRNOI","8358","RF Nacional"
"CFMCGACHA","9362","RV Nacional"
"CFMCGACHB","9362","RV Nacional"
"CFMCGACHC","9362","RV Nacional"
"CFMCGACHD","9362","RV Nacional"
"CFMCGACHH","9362","RV Nacional"
"CFMCHAF","8898","RV Nacional"
"CFMCNSALPA","8375","RF Nacional"
"CFMCNSALPL","8375","RF Nacional"
"CFMCNSRLPF","8375","RF Nacional"
"CFMCNSRLPP","8375","RF Nacional"
"CFMCOREFM1","8092","RF Nacional"
"CFMCOREFM2","8092","RF Nacional"
"CFMCOREFM3","8092","RF Nacional"
"CFMCOREFM4","8092","RF Nacional"
"CFMCOREFM5","8092","RF Nacional"
"CFMCORMIOV","8620","RF Nacional"
"CFMCORMPF4","8620","RF Nacional"
"CFMCORMPF5","8620","RF Nacional"
"CFMDIAGREA","9428","Balanceados Nacional"
"CFMDIAGREF","9428","Balanceados Nacional"
"CFMDIAGREP","9428","Balanceados Nacional"
"CFMDIBALAA","9429","Balanceados Nacional"
"CFMDIBALAF","9429","Balanceados Nacional"
"CFMDIBALAP","9429","Balanceados Nacional"
"CFMDICONSA","9430","Balanceados Nacional"
"CFMDICONSF","9430","Balanceados Nacional"
"CFMDICRECA","9431","Balanceados Nacional"
"CFMDICRECF","9431","Balanceados Nacional"
"CFMDICRECP","9431","Balanceados Nacional"
"CFMDIMODEA","9432","Balanceados Nacional"
"CFMDIMODEF","9432","Balanceados Nacional"
"CFMDIMODEP","9432","Balanceados Nacional"
"CFMDOB","9043","Balanceados Nacional"
"CFMEAAGCUI","9576","Balanceados Nacional"
"CFMEAASCUI","8457","RV Nacional"
"CFMEACHCUI","8381","RV Nacional"
"CFMEACOCUI","9575","Balanceados Nacional"
"CFMEADCCUI","8918","RV Nacional"
"CFMEADPCUI","9054","RF Nacional"
"CFMEAEUCUI","8456","RV Nacional"
"CFMEAEXCUI","8455","RF Nacional"
"CFMEAHYCUI","8946","RF Nacional"
"CFMEAMMCUI","8459","RF Nacional"
"CFMEAMOCUI","9577","Balanceados Nacional"
"CFMEARNCUI","8411","RF Nacional"
"CFMEARPCUI","8363","RF Nacional"
"CFMEAUFCUI","8853","RF Nacional"
"CFMEAUSCUI","8458","RV Nacional"
"CFMELEAH-D","10260","Balanceados Nacional"
"CFMELEAH-L","10260","Balanceados Nacional"
"CFMESTACPA","9291","RF Nacional"
"CFMESTACPI","9291","RF Nacional"
"CFMESTACPV","9291","RF Nacional"
"CFMESTAESC","8536","RV Nacional"
"CFMESTAESI","8536","RV Nacional"
"CFMESTAESP","8536","RV Nacional"
"CFMESTAESR","8536","RV Nacional"
"CFMESTAESV","8536","RV Nacional"
"CFMESTASOF","8319","RF Nacional"
"CFMESTBESC","8744","RV Nacional"
"CFMESTBESP","8744","RV Nacional"
"CFMESTBESR","8744","RV Nacional"
"CFMESTBESV","8744","RV Nacional"
"CFMESTBTEC","8753","RF Nacional"
"CFMESTBTEP","8753","RF Nacional"
"CFMESTBTER","8753","RF Nacional"
"CFMESTBTEV","8753","RF Nacional"
"CFMESTCOMA","8317","RF Nacional"
"CFMESTCOMB","8317","RF Nacional"
"CFMESTCOMC","8317","RF Nacional"
"CFMESTCOMF","8317","RF Nacional"
"CFMESTCOMI","8317","RF Nacional"
"CFMESTCONA","8320","RF Nacional"
"CFMESTCONB","8320","RF Nacional"
"CFMESTCONC","8320","RF Nacional"
"CFMESTCONI","8320","RF Nacional"
"CFMESTDDIA","9104","RF Nacional"
"CFMESTDDIB","9104","RF Nacional"
"CFMESTDDIC","9104","RF Nacional"
"CFMESTDDII","9104","RF Nacional"
"CFMESTMRBA","8807","RF Nacional"
"CFMESTMRBB","8807","RF Nacional"
"CFMESTMRBC","8807","RF Nacional"
"CFMESTMRBF","8807","RF Nacional"
"CFMESTPAAC","8844","Balanceados Nacional"
"CFMESTPAAP","8844","Balanceados Nacional"
"CFMESTPAAR","8844","Balanceados Nacional"
"CFMESTPAAV","8844","Balanceados Nacional"
"CFMESTPMCC","8845","Balanceados Nacional"
"CFMESTPMCP","8845","Balanceados Nacional"
"CFMESTPMCR","8845","Balanceados Nacional"
"CFMESTPMCV","8845","Balanceados Nacional"
"CFMESTPMEC","8846","Balanceados Nacional"
"CFMESTPMEP","8846","Balanceados Nacional"
"CFMESTPMER","8846","Balanceados Nacional"
"CFMESTPMEV","8846","Balanceados Nacional"
"CFMESTPRBI","8807","RF Nacional"
"CFMESTPROA","8316","RF Nacional"
"CFMESTPROB","8316","RF Nacional"
"CFMESTPROC","8316","RF Nacional"
"CFMESTPROF","8316","RF Nacional"
"CFMESTPROI","8316","RF Nacional"
"CFMESTRTFA","9074","RF Nacional"
"CFMESTRTFB","9074","RF Nacional"
"CFMESTRTFC","9074","RF Nacional"
"CFMESTRTFI","9074","RF Nacional"
"CFMESTSLVA","8319","RF Nacional"
"CFMESTSLVB","8319","RF Nacional"
"CFMESTSLVC","8319","RF Nacional"
"CFMESTSLVI","8319","RF Nacional"
"CFMEURAGRA","9576","Balanceados Nacional"
"CFMEURAGRD","9576","Balanceados Nacional"
"CFMEURASIA","8457","RV Nacional"
"CFMEURASID","8457","RV Nacional"
"CFMEURC18D","8381","RV Nacional"
"CFMEURCHCA","8381","RV Nacional"
"CFMEURCHCE","8381","RV Nacional"
"CFMEURCONA","9575","Balanceados Nacional"
"CFMEURCOND","9575","Balanceados Nacional"
"CFMEURDALE","8918","RV Nacional"
"CFMEURDCCA","9054","RF Nacional"
"CFMEURDLCA","8918","RV Nacional"
"CFMEURDLCD","8918","RV Nacional"
"CFMEURDOLD","8629","RF Nacional"
"CFMEURDOLE","8629","RF Nacional"
"CFMEUREARA","8629","RF Nacional"
"CFMEUREETA","8459","RF Nacional"
"CFMEUREETD","8459","RF Nacional"
"CFMEURELED","9054","RF Nacional"
"CFMEURERPA","8456","RV Nacional"
"CFMEURERPD","8456","RV Nacional"
"CFMEURESGA","9625","RV Nacional"
"CFMEURMMKE","8459","RF Nacional"
"CFMEURMODA","9577","Balanceados Nacional"
"CFMEURMODD","9577","Balanceados Nacional"
"CFMEURRNOA","8411","RF Nacional"
"CFMEURRNOD","8411","RF Nacional"
"CFMEURRPLA","8363","RF Nacional"
"CFMEURRPLD","8363","RF Nacional"
"CFMEURRUFA","8853","RF Nacional"
"CFMEURRUFD","8853","RF Nacional"
"CFMEURSASE","8455","RF Nacional"
"CFMEURUSAA","8458","RV Nacional"
"CFMEURUSAD","8458","RV Nacional"
"CFMFTLCCA","9568","Balanceados Nacional"
"CFMFTLMPA","9569","Balanceados Nacional"
"CFMFTLRNA","9570","Balanceados Nacional"
"CFMFTLVCSA","9730","Balanceados Nacional"
"CFMIMTAAGA","8427","RV Nacional"
"CFMIMTDEUA","9056","RF Nacional"
"CFMIMTDEUB","9056","RF Nacional"
"CFMIMTDEUE","9056","RF Nacional"
"CFMIMTDEUI","9056","RF Nacional"
"CFMIMTIRIA","8442","RF Nacional"
"CFMIMTLIQA","8401","RF Nacional"
"CFMIMTLIQB","8401","RF Nacional"
"CFMIMTLIQF","8401","RF Nacional"
"CFMIMTLIQI","8401","RF Nacional"
"CFMIMTLIQM","8401","RF Nacional"
"CFMIMTRCAA","8421","RF Nacional"
"CFMIMTRINT","8442","RF Nacional"
"CFMITAAEF1","9922","RV Nacional"
"CFMITAAEF2","9922","RV Nacional"
"CFMITAAEF3","9922","RV Nacional"
"CFMITAAEIT","9922","RV Nacional"
"CFMITAALF1","9926","RV Nacional"
"CFMITAALF2","9926","RV Nacional"
"CFMITAALF3","9926","RV Nacional"
"CFMITAAPD1","9539","RF Nacional"
"CFMITAAPD4","9539","RF Nacional"
"CFMITAAPD5","9539","RF Nacional"
"CFMITAAPIT","9539","RF Nacional"
"CFMITABAF1","8799","RV Nacional"
"CFMITABAF2","8799","RV Nacional"
"CFMITABAF3","8799","RV Nacional"
"CFMITABAF4","8799","RV Nacional"
"CFMITABAF5","8799","RV Nacional"
"CFMITABAIT","8799","RV Nacional"
"CFMITACAIT","9926","RV Nacional"
"CFMITACDM1","8333","RF Nacional"
"CFMITACDM2","8333","RF Nacional"
"CFMITACDM3","8333","RF Nacional"
"CFMITACDM4","8333","RF Nacional"
"CFMITACDM5","8333","RF Nacional"
"CFMITACNM1","8234","RF Nacional"
"CFMITADCAP","9248","RF Nacional"
"CFMITADCCI","9248","RF Nacional"
"CFMITADCCU","9248","RF Nacional"
"CFMITADCIT","9248","RF Nacional"
"CFMITADP2F","9717","RF Nacional"
"CFMITADP5F","9717","RF Nacional"
"CFMITADPF4","9717","RF Nacional"
"CFMITADPIT","9717","RF Nacional"
"CFMITADUIT","9201","RF Nacional"
"CFMITAFD4F","8959","RF Nacional"
"CFMITAFDF2","8959","RF Nacional"
"CFMITAFDF5","8959","RF Nacional"
"CFMITAFDIS","8959","RF Nacional"
"CFMITAFDIT","8959","RF Nacional"
"CFMITAGAF1","8993","Balanceados Nacional"
"CFMITAGAF2","8993","Balanceados Nacional"
"CFMITAGAF3","8993","Balanceados Nacional"
"CFMITAGAF4","8993","Balanceados Nacional"
"CFMITAGAF5","8993","Balanceados Nacional"
"CFMITAGAGS","8993","Balanceados Nacional"
"CFMITAGAIT","8993","Balanceados Nacional"
"CFMITAGAS2","8993","Balanceados Nacional"
"CFMITAGBF1","9931","RV Nacional"
"CFMITAGBF2","9931","RV Nacional"
"CFMITAGBF3","9931","RV Nacional"
"CFMITAGBIT","9931","RV Nacional"
"CFMITAGCF1","8994","Balanceados Nacional"
"CFMITAGCF2","8994","Balanceados Nacional"
"CFMITAGCF3","8994","Balanceados Nacional"
"CFMITAGCF4","8994","Balanceados Nacional"
"CFMITAGCF5","8994","Balanceados Nacional"
"CFMITAGCIT","8994","Balanceados Nacional"
"CFMITAGCOS","8994","Balanceados Nacional"
"CFMITAGEF1","8971","RV Nacional"
"CFMITAGEF2","8971","RV Nacional"
"CFMITAGEF3","8971","RV Nacional"
"CFMITAGEF4","8971","RV Nacional"
"CFMITAGEF5","8971","RV Nacional"
"CFMITAGEIT","8971","RV Nacional"
"CFMITAGESS","8971","RV Nacional"
"CFMITAGGS2","8994","Balanceados Nacional"
"CFMITAGMF1","8992","Balanceados Nacional"
"CFMITAGMF2","8992","Balanceados Nacional"
"CFMITAGMF3","8992","Balanceados Nacional"
"CFMITAGMF4","8992","Balanceados Nacional"
"CFMITAGMF5","8992","Balanceados Nacional"
"CFMITAGMIT","8992","Balanceados Nacional"
"CFMITAGMOS","8992","Balanceados Nacional"
"CFMITAGMS2","8992","Balanceados Nacional"
"CFMITAINF1","9921","RF Nacional"
"CFMITAINF2","9921","RF Nacional"
"CFMITAINF3","9921","RF Nacional"
"CFMITAINIT","9921","RF Nacional"
"CFMITAIUES","8352","RF Nacional"
"CFMITALCF1","8254","RF Nacional"
"CFMITALCF2","8254","RF Nacional"
"CFMITALCF3","8254","RF Nacional"
"CFMITALCF4","8254","RF Nacional"
"CFMITALCF5","8254","RF Nacional"
"CFMITALCF6","8254","RF Nacional"
"CFMITALCIT","8254","RF Nacional"
"CFMITALPAS","8979","RV Nacional"
"CFMITALPF1","8979","RV Nacional"
"CFMITALPF2","8979","RV Nacional"
"CFMITALPF3","8979","RV Nacional"
"CFMITALPF4","8979","RV Nacional"
"CFMITALPF5","8979","RV Nacional"
"CFMITALPIT","8979","RV Nacional"
"CFMITAMPIT","8620","RF Nacional"
"CFMITANEAP","8305","RV Nacional"
"CFMITANEF4","8305","RV Nacional"
"CFMITANEF5","8305","RV Nacional"
"CFMITANEIT","8305","RV Nacional"
"CFMITANEQS","8305","RV Nacional"
"CFMITARDF4","9834","RF Nacional"
"CFMITARDF5","9834","RF Nacional"
"CFMITARDIT","9834","RF Nacional"
"CFMITASEIT","8338","RF Nacional"
"CFMITASELS","8338","RF Nacional"
"CFMITASEM1","8338","RF Nacional"
"CFMITASEM2","8338","RF Nacional"
"CFMITASEM3","8338","RF Nacional"
"CFMITASEM4","8338","RF Nacional"
"CFMITASEM5","8338","RF Nacional"
"CFMITASEM6","8338","RF Nacional"
"CFMITATEF1","9936","RV Nacional"
"CFMITATEF2","9936","RV Nacional"
"CFMITATEF3","9936","RV Nacional"
"CFMITATEIT","9936","RV Nacional"
"CFMITATUF1","8479","RV Nacional"
"CFMITATUF2","8479","RV Nacional"
"CFMITATUF3","8479","RV Nacional"
"CFMITATUF4","8479","RV Nacional"
"CFMITATUF5","8479","RV Nacional"
"CFMITATUIT","8479","RV Nacional"
"CFMITAUAF1","9932","RV Nacional"
"CFMITAUAF2","9932","RV Nacional"
"CFMITAUAF3","9932","RV Nacional"
"CFMITAUAIT","9932","RV Nacional"
"CFMITAUPAP","9201","RF Nacional"
"CFMITAUPF4","9201","RF Nacional"
"CFMITAUPF5","9201","RF Nacional"
"CFMITAVAF2","8352","RF Nacional"
"CFMITAVAF4","8352","RF Nacional"
"CFMITAVAF5","8352","RF Nacional"
"CFMITAVAIT","8352","RF Nacional"
"CFMITNIPSA","9019","RV Nacional"
"CFMITTUSAS","8479","RV Nacional"
"CFMLVACAPL","8263","RF Nacional"
"CFMLVACNAA","8872","RV Nacional"
"CFMLVACNAF","8872","RV Nacional"
"CFMLVACNAI","8872","RV Nacional"
"CFMLVACNAL","8872","RV Nacional"
"CFMLVACNAP","8872","RV Nacional"
"CFMLVACNAX","8872","RV Nacional"
"CFMLVAHCAF","8263","RF Nacional"
"CFMLVAHCAI","8263","RF Nacional"
"CFMLVAHCAP","8263","RF Nacional"
"CFMLVAHCAX","8263","RF Nacional"
"CFMLVAHCOA","8315","RF Nacional"
"CFMLVAHCOF","8315","RF Nacional"
"CFMLVAHCOI","8315","RF Nacional"
"CFMLVAHCOL","8315","RF Nacional"
"CFMLVAHCOP","8315","RF Nacional"
"CFMLVAHCPP","8263","RF Nacional"
"CFMLVAHDOA","9221","RF Nacional"
"CFMLVAHDOF","9221","RF Nacional"
"CFMLVAHDOI","9221","RF Nacional"
"CFMLVAHDOP","9221","RF Nacional"
"CFMLVAHESD","8240","RF Nacional"
"CFMLVAHESF","8240","RF Nacional"
"CFMLVAHESI","8240","RF Nacional"
"CFMLVAHESP","8240","RF Nacional"
"CFMLVAHEST","8240","RF Nacional"
"CFMLVAHO-D","8755","RF Nacional"
"CFMLVAHORL","8755","RF Nacional"
"CFMLVAPLAF","8755","RF Nacional"
"CFMLVAPLAI","8755","RF Nacional"
"CFMLVAPLAP","8755","RF Nacional"
"CFMLVAPLAZ","8755","RF Nacional"
"CFMLVASIAA","9023","RV Nacional"
"CFMLVASIAF","9023","RV Nacional"
"CFMLVASIAI","9023","RV Nacional"
"CFMLVASIAL","9023","RV Nacional"
"CFMLVASIAP","9023","RV Nacional"
"CFMLVBHYGA","8172","RF Nacional"
"CFMLVBHYGF","8172","RF Nacional"
"CFMLVBHYGL","8172","RF Nacional"
"CFMLVBHYGP","8172","RF Nacional"
"CFMLVBLATI","8502","RF Nacional"
"CFMLVBOLAQ","8502","RF Nacional"
"CFMLVBOLTA","8502","RF Nacional"
"CFMLVBOLTF","8502","RF Nacional"
"CFMLVBOLTP","8502","RF Nacional"
"CFMLVBONLL","8502","RF Nacional"
"CFMLVCAADA","10002","Balanceados Nacional"
"CFMLVCAADF","10002","Balanceados Nacional"
"CFMLVCACDA","9853","Balanceados Nacional"
"CFMLVCACDF","9853","Balanceados Nacional"
"CFMLVCACDI","9853","Balanceados Nacional"
"CFMLVCAMDA","9816","Balanceados Nacional"
"CFMLVCAMDF","9816","Balanceados Nacional"
"CFMLVCAMDI","9816","Balanceados Nacional"
"CFMLVCAMDT","9816","Balanceados Nacional"
"CFMLVCASHA","8177","RF Nacional"
"CFMLVCASHI","8177","RF Nacional"
"CFMLVCASHL","8177","RF Nacional"
"CFMLVCASHP","8177","RF Nacional"
"CFMLVCHSF","8177","RF Nacional"
"CFMLVEEUUA","8437","RV Nacional"
"CFMLVEEUUF","8437","RV Nacional"
"CFMLVEEUUI","8437","RV Nacional"
"CFMLVEEUUL","8437","RV Nacional"
"CFMLVEEUUP","8437","RV Nacional"
"CFMLVENFOL","8723","RV Nacional"
"CFMLVENFQA","8723","RV Nacional"
"CFMLVENFQF","8723","RV Nacional"
"CFMLVENFQI","8723","RV Nacional"
"CFMLVENFQP","8723","RV Nacional"
"CFMLVESAGA","9193","Balanceados Nacional"
"CFMLVESAGD","9193","Balanceados Nacional"
"CFMLVESAGL","9193","Balanceados Nacional"
"CFMLVESAGQ","9193","Balanceados Nacional"
"CFMLVESAGX","9193","Balanceados Nacional"
"CFMLVESCOA","9192","Balanceados Nacional"
"CFMLVESCOD","9192","Balanceados Nacional"
"CFMLVESCOI","9192","Balanceados Nacional"
"CFMLVESCOL","9192","Balanceados Nacional"
"CFMLVESCOQ","9192","Balanceados Nacional"
"CFMLVESCOX","9192","Balanceados Nacional"
"CFMLVESMOA","9190","Balanceados Nacional"
"CFMLVESMOD","9190","Balanceados Nacional"
"CFMLVESMOI","9190","Balanceados Nacional"
"CFMLVESMOL","9190","Balanceados Nacional"
"CFMLVESMOX","9190","Balanceados Nacional"
"CFMLVESTRL","8240","RF Nacional"
"CFMLVEUROA","9027","RV Nacional"
"CFMLVEUROF","9027","RV Nacional"
"CFMLVEUROI","9027","RV Nacional"
"CFMLVEUROL","9027","RV Nacional"
"CFMLVEUROP","9027","RV Nacional"
"CFMLVLATIF","8705","RV Nacional"
"CFMLVLATII","8705","RV Nacional"
"CFMLVLATIL","8705","RV Nacional"
"CFMLVLATIN","8705","RV Nacional"
"CFMLVLATIP","8705","RV Nacional"
"CFMLVLIDEI","8245","Balanceados Nacional"
"CFMLVLIDEL","8245","Balanceados Nacional"
"CFMLVLIDEP","8245","Balanceados Nacional"
"CFMLVMMAKA","8606","RF Nacional"
"CFMLVMMAKF","8606","RF Nacional"
"CFMLVMMAKI","8606","RF Nacional"
"CFMLVMONEL","8606","RF Nacional"
"CFMLVPOLID","8245","Balanceados Nacional"
"CFMLVPOLIF","8245","Balanceados Nacional"
"CFMLVPROTA","8788","Balanceados Nacional"
"CFMLVPROTF","8788","Balanceados Nacional"
"CFMLVPROTI","8788","Balanceados Nacional"
"CFMLVPROTP","8788","Balanceados Nacional"
"CFMLVPROTX","8788","Balanceados Nacional"
"CFMPRIAAGL","9593","Balanceados Nacional"
"CFMPRIAAIV","9593","Balanceados Nacional"
"CFMPRIAAPT","9593","Balanceados Nacional"
"CFMPRIACGL","9595","Balanceados Nacional"
"CFMPRIACIV","9595","Balanceados Nacional"
"CFMPRIACPT","9595","Balanceados Nacional"
"CFMPRIAMGL","9594","Balanceados Nacional"
"CFMPRIAMIV","9594","Balanceados Nacional"
"CFMPRIAMPT","9594","Balanceados Nacional"
"CFMPRIASGL","8438","RV Nacional"
"CFMPRIASIB","8438","RV Nacional"
"CFMPRIASIG","8438","RV Nacional"
"CFMPRIASIH","8438","RV Nacional"
"CFMPRIASIK","8438","RV Nacional"
"CFMPRIASIO","8438","RV Nacional"
"CFMPRIASIP","8438","RV Nacional"
"CFMPRIASIV","8438","RV Nacional"
"CFMPRIASPT","8438","RV Nacional"
"CFMPRICAGL","8038","RV Nacional"
"CFMPRICAIV","8038","RV Nacional"
"CFMPRICAPB","8038","RV Nacional"
"CFMPRICAPG","8038","RV Nacional"
"CFMPRICAPH","8038","RV Nacional"
"CFMPRICAPK","8038","RV Nacional"
"CFMPRICAPO","8038","RV Nacional"
"CFMPRICAPP","8038","RV Nacional"
"CFMPRICAPT","8038","RV Nacional"
"CFMPRIDCGL","8250","RF Nacional"
"CFMPRIDCIV","8250","RF Nacional"
"CFMPRIDCPB","8250","RF Nacional"
"CFMPRIDCPG","8250","RF Nacional"
"CFMPRIDCPH","8250","RF Nacional"
"CFMPRIDCPK","8250","RF Nacional"
"CFMPRIDCPO","8250","RF Nacional"
"CFMPRIDCPP","8250","RF Nacional"
"CFMPRIDCPT","8250","RF Nacional"
"CFMPRIDEIH","8619","RF Nacional"
"CFMPRIDEIK","8619","RF Nacional"
"CFMPRIDEIP","8619","RF Nacional"
"CFMPRIDFGL","8251","Balanceados Nacional"
"CFMPRIDFIV","8251","Balanceados Nacional"
"CFMPRIDFLB","8251","Balanceados Nacional"
"CFMPRIDFLG","8251","Balanceados Nacional"
"CFMPRIDFLH","8251","Balanceados Nacional"
"CFMPRIDFLK","8251","Balanceados Nacional"
"CFMPRIDFLP","8251","Balanceados Nacional"
"CFMPRIDFPT","8251","Balanceados Nacional"
"CFMPRIDIGL","8619","RF Nacional"
"CFMPRIDII2","8619","RF Nacional"
"CFMPRIDIIV","8619","RF Nacional"
"CFMPRIDIPT","8619","RF Nacional"
"CFMPRIDMGL","8422","RF Nacional"
"CFMPRIDMIV","8422","RF Nacional"
"CFMPRIDMPB","8422","RF Nacional"
"CFMPRIDMPG","8422","RF Nacional"
"CFMPRIDMPH","8422","RF Nacional"
"CFMPRIDMPK","8422","RF Nacional"
"CFMPRIDMPO","8422","RF Nacional"
"CFMPRIDMPP","8422","RF Nacional"
"CFMPRIDMPT","8422","RF Nacional"
"CFMPRIDUFG","9597","RF Nacional"
"CFMPRIDUFH","9597","RF Nacional"
"CFMPRIDUFK","9597","RF Nacional"
"CFMPRIDUFO","9597","RF Nacional"
"CFMPRIDUFP","9597","RF Nacional"
"CFMPRIEEGL","8610","RV Nacional"
"CFMPRIEEIV","8610","RV Nacional"
"CFMPRIEEPT","8610","RV Nacional"
"CFMPRIEQUB","8097","RV Nacional"
"CFMPRIEUEB","8610","RV Nacional"
"CFMPRIEUEG","8610","RV Nacional"
"CFMPRIEUEH","8610","RV Nacional"
"CFMPRIEUEK","8610","RV Nacional"
"CFMPRIEUEO","8610","RV Nacional"
"CFMPRIEUEP","8610","RV Nacional"
"CFMPRIEUIV","8097","RV Nacional"
"CFMPRIEUPT","8097","RV Nacional"
"CFMPRIEURG","8097","RV Nacional"
"CFMPRIEURH","8097","RV Nacional"
"CFMPRIEURK","8097","RV Nacional"
"CFMPRIEURO","8097","RV Nacional"
"CFMPRIEURP","8097","RV Nacional"
"CFMPRIGAAB","9593","Balanceados Nacional"
"CFMPRIGAAG","9593","Balanceados Nacional"
"CFMPRIGAAH","9593","Balanceados Nacional"
"CFMPRIGAAK","9593","Balanceados Nacional"
"CFMPRIGAAP","9593","Balanceados Nacional"
"CFMPRIGACB","9595","Balanceados Nacional"
"CFMPRIGACG","9595","Balanceados Nacional"
"CFMPRIGACH","9595","Balanceados Nacional"
"CFMPRIGACK","9595","Balanceados Nacional"
"CFMPRIGACP","9595","Balanceados Nacional"
"CFMPRIGAMB","9594","Balanceados Nacional"
"CFMPRIGAMG","9594","Balanceados Nacional"
"CFMPRIGAMH","9594","Balanceados Nacional"
"CFMPRIGAMK","9594","Balanceados Nacional"
"CFMPRIGAMP","9594","Balanceados Nacional"
"CFMPRIGMAB","8824","Balanceados Nacional"
"CFMPRIGMAG","8824","Balanceados Nacional"
"CFMPRIGMAH","8824","Balanceados Nacional"
"CFMPRIGMAK","8824","Balanceados Nacional"
"CFMPRIGMAO","8824","Balanceados Nacional"
"CFMPRIGMAP","8824","Balanceados Nacional"
"CFMPRIGMCB","9596","Balanceados Nacional"
"CFMPRIGMCG","9596","Balanceados Nacional"
"CFMPRIGMCH","9596","Balanceados Nacional"
"CFMPRIGMCK","9596","Balanceados Nacional"
"CFMPRIGMCP","9596","Balanceados Nacional"
"CFMPRILAEG","8098","RV Nacional"
"CFMPRILAEH","8098","RV Nacional"
"CFMPRILAEK","8098","RV Nacional"
"CFMPRILAEP","8098","RV Nacional"
"CFMPRILATB","8098","RV Nacional"
"CFMPRILATO","8098","RV Nacional"
"CFMPRILTGL","8098","RV Nacional"
"CFMPRILTIV","8098","RV Nacional"
"CFMPRILTPT","8098","RV Nacional"
"CFMPRIMAGL","8824","Balanceados Nacional"
"CFMPRIMAI2","8824","Balanceados Nacional"
"CFMPRIMAIV","8824","Balanceados Nacional"
"CFMPRIMAPT","8824","Balanceados Nacional"
"CFMPRIMCGL","9596","Balanceados Nacional"
"CFMPRIMCIV","9596","Balanceados Nacional"
"CFMPRIMCPT","9596","Balanceados Nacional"
"CFMPRIPEGL","9033","RF Nacional"
"CFMPRIPEIV","9033","RF Nacional"
"CFMPRIPEPT","9033","RF Nacional"
"CFMPRIPERB","9033","RF Nacional"
"CFMPRIPERG","9033","RF Nacional"
"CFMPRIPERH","9033","RF Nacional"
"CFMPRIPERK","9033","RF Nacional"
"CFMPRIPERO","9033","RF Nacional"
"CFMPRIPERP","9033","RF Nacional"
"CFMPRIPRGB","8089","RF Nacional"
"CFMPRIPRGG","8089","RF Nacional"
"CFMPRIPRGH","8089","RF Nacional"
"CFMPRIPRGK","8089","RF Nacional"
"CFMPRIPRGL","8089","RF Nacional"
"CFMPRIPRGO","8089","RF Nacional"
"CFMPRIPRGP","8089","RF Nacional"
"CFMPRIPRIV","8089","RF Nacional"
"CFMPRIPRPT","8089","RF Nacional"
"CFMPRIREMB","8619","RF Nacional"
"CFMPRIREMG","8619","RF Nacional"
"CFMPRIREMO","8619","RF Nacional"
"CFMPRIUFGL","9597","RF Nacional"
"CFMPRIUFIV","9597","RF Nacional"
"CFMPRIUFPT","9597","RF Nacional"
"CFMPRIUSAB","8113","RV Nacional"
"CFMPRIUSAG","8113","RV Nacional"
"CFMPRIUSAH","8113","RV Nacional"
"CFMPRIUSAK","8113","RV Nacional"
"CFMPRIUSAO","8113","RV Nacional"
"CFMPRIUSAP","8113","RV Nacional"
"CFMPRIUSGL","8113","RV Nacional"
"CFMPRIUSIV","8113","RV Nacional"
"CFMPRIUSPT","8113","RV Nacional"
"CFMPRIVIGL","8011","RF Nacional"
"CFMPRIVIIV","8011","RF Nacional"
"CFMPRIVIPT","8011","RF Nacional"
"CFMPRIVISB","8011","RF Nacional"
"CFMPRIVISG","8011","RF Nacional"
"CFMPRIVISH","8011","RF Nacional"
"CFMPRIVISI","8011","RF Nacional"
"CFMPRIVISK","8011","RF Nacional"
"CFMPRIVISO","8011","RF Nacional"
"CFMPRIVISP","8011","RF Nacional"
"CFMSECA35B","9608","Balanceados Nacional"
"CFMSECA35J","9608","Balanceados Nacional"
"CFMSECA45B","9609","Balanceados Nacional"
"CFMSECA45J","9609","Balanceados Nacional"
"CFMSECA55B","9610","Balanceados Nacional"
"CFMSECA55J","9610","Balanceados Nacional"
"CFMSECAEMA","8820","RV Nacional"
"CFMSECAEMH","8820","RV Nacional"
"CFMSECAEMJ","8820","RV Nacional"
"CFMSECAEMS","8820","RV Nacional"
"CFMSECASEB","8820","RV Nacional"
"CFMSECCORA","8806","RF Nacional"
"CFMSECCORB","8806","RF Nacional"
"CFMSECCORH","8806","RF Nacional"
"CFMSECCORJ","8806","RF Nacional"
"CFMSECCORS","8806","RF Nacional"
"CFMSECDCLA","8940","RF Nacional"
"CFMSECDCLH","8940","RF Nacional"
"CFMSECDCLJ","8940","RF Nacional"
"CFMSECDCLS","8940","RF Nacional"
"CFMSECDEIA","9655","RF Nacional"
"CFMSECDEIB","9655","RF Nacional"
"CFMSECDEIF","9655","RF Nacional"
"CFMSECDMMA","8384","RF Nacional"
"CFMSECDMMB","8384","RF Nacional"
"CFMSECDMMC","8384","RF Nacional"
"CFMSECDMMS","8384","RF Nacional"
"CFMSECDVAB","8940","RF Nacional"
"CFMSECEQUA","8336","Balanceados Nacional"
"CFMSECEQUB","8336","Balanceados Nacional"
"CFMSECEQUH","8336","Balanceados Nacional"
"CFMSECEQUJ","8336","Balanceados Nacional"
"CFMSECEQUS","8336","Balanceados Nacional"
"CFMSECFIRA","8055","RF Nacional"
"CFMSECFISS","8055","RF Nacional"
"CFMSECFSTB","8055","RF Nacional"
"CFMSECGLDA","8118","RF Nacional"
"CFMSECGLDB","8118","RF Nacional"
"CFMSECGLDH","8118","RF Nacional"
"CFMSECGLDJ","8118","RF Nacional"
"CFMSECGLDS","8118","RF Nacional"
"CFMSECIFCA","8912","RV Nacional"
"CFMSECIFCB","8912","RV Nacional"
"CFMSECIFCD","8912","RV Nacional"
"CFMSECIFCS","8912","RV Nacional"
"CFMSECIFUA","8987","RV Nacional"
"CFMSECIFUB","8987","RV Nacional"
"CFMSECIFUH","8987","RV Nacional"
"CFMSECIFUJ","8987","RV Nacional"
"CFMSECIFUS","8987","RV Nacional"
"CFMSECLATA","8795","RV Nacional"
"CFMSECLATB","8795","RV Nacional"
"CFMSECLATH","8795","RV Nacional"
"CFMSECLATI","8795","RV Nacional"
"CFMSECLATJ","8795","RV Nacional"
"CFMSECMRMA","8881","RF Nacional"
"CFMSECMRMB","8881","RF Nacional"
"CFMSECMTGA","9712","RF Nacional"
"CFMSECMTGB","9712","RF Nacional"
"CFMSECMTGF","9712","RF Nacional"
"CFMSECMTGS","9712","RF Nacional"
"CFMSECMTMH","8881","RF Nacional"
"CFMSECMTMJ","8881","RF Nacional"
"CFMSECMTMS","8881","RF Nacional"
"CFMSECMTUH","8986","RF Nacional"
"CFMSECMTUS","8986","RF Nacional"
"CFMSECPLUA","8253","RF Nacional"
"CFMSECPLUB","8253","RF Nacional"
"CFMSECPLUC","8253","RF Nacional"
"CFMSECPLUD","8253","RF Nacional"
"CFMSECPLUE","8253","RF Nacional"
"CFMSECPLUI","8253","RF Nacional"
"CFMSECPLUS","8253","RF Nacional"
"CFMSECPROA","8306","Balanceados Nacional"
"CFMSECPROB","8306","Balanceados Nacional"
"CFMSECPROH","8306","Balanceados Nacional"
"CFMSECPROJ","8306","Balanceados Nacional"
"CFMSECPROS","8306","Balanceados Nacional"
"CFMSECRDCA","8986","RF Nacional"
"CFMSECRDCB","8986","RF Nacional"
"CFMSECRETA","8435","Balanceados Nacional"
"CFMSECRETB","8435","Balanceados Nacional"
"CFMSECRETH","8435","Balanceados Nacional"
"CFMSECRETJ","8435","Balanceados Nacional"
"CFMSECRETS","8435","Balanceados Nacional"
"CFMSECSCLS","8795","RV Nacional"
"CFMSRDCAFP","8678","RF Nacional"
"CFMSTDACC3","8076","RV Nacional"
"CFMSTDACCG","8076","RV Nacional"
"CFMSTDACCI","8076","RV Nacional"
"CFMSTDACHE","8076","RV Nacional"
"CFMSTDACHI","8076","RV Nacional"
"CFMSTDACHM","8076","RV Nacional"
"CFMSTDACHU","8076","RV Nacional"
"CFMSTDACL3","8160","RV Nacional"
"CFMSTDACLG","8160","RV Nacional"
"CFMSTDACU2","8488","RV Nacional"
"CFMSTDACU3","8488","RV Nacional"
"CFMSTDACUG","8488","RV Nacional"
"CFMSTDACUI","8488","RV Nacional"
"CFMSTDAEAM","9254","RV Nacional"
"CFMSTDAEQE","9646","Balanceados Nacional"
"CFMSTDAEU3","9254","RV Nacional"
"CFMSTDAEUG","9254","RV Nacional"
"CFMSTDAGAM","8058","RV Nacional"
"CFMSTDAGD2","8090","RV Nacional"
"CFMSTDAGDA","8090","RV Nacional"
"CFMSTDAGDI","8090","RV Nacional"
"CFMSTDAGEA","8058","RV Nacional"
"CFMSTDAGEE","8058","RV Nacional"
"CFMSTDAGEI","8058","RV Nacional"
"CFMSTDAGEU","8058","RV Nacional"
"CFMSTDAGLD","8090","RV Nacional"
"CFMSTDAGLE","8090","RV Nacional"
"CFMSTDAGLG","8090","RV Nacional"
"CFMSTDAGLI","8090","RV Nacional"
"CFMSTDALAM","8160","RV Nacional"
"CFMSTDAMAM","9222","RF Nacional"
"CFMSTDAMDI","9222","RF Nacional"
"CFMSTDAMPE","9222","RF Nacional"
"CFMSTDAMPG","9222","RF Nacional"
"CFMSTDAMPI","9222","RF Nacional"
"CFMSTDAMPU","9222","RF Nacional"
"CFMSTDAPRE","9649","Balanceados Nacional"
"CFMSTDAPRP","9649","Balanceados Nacional"
"CFMSTDASC3","8372","RV Nacional"
"CFMSTDASEP","8372","RV Nacional"
"CFMSTDASEV","8372","RV Nacional"
"CFMSTDAUSE","8488","RV Nacional"
"CFMSTDAUSI","8488","RV Nacional"
"CFMSTDAUSU","8488","RV Nacional"
"CFMSTDBAGE","8908","Balanceados Nacional"
"CFMSTDBCOE","8910","Balanceados Nacional"
"CFMSTDBLHA","8287","RF Nacional"
"CFMSTDBLHB","8287","RF Nacional"
"CFMSTDBLHC","8287","RF Nacional"
"CFMSTDBLHF","8287","RF Nacional"
"CFMSTDBMOE","8911","Balanceados Nacional"
"CFMSTDBNA3","8287","RF Nacional"
"CFMSTDBNAG","8287","RF Nacional"
"CFMSTDBNCO","8287","RF Nacional"
"CFMSTDCPLE","8615","RF Nacional"
"CFMSTDCPLN","8615","RF Nacional"
"CFMSTDCPLR","8615","RF Nacional"
"CFMSTDDDAM","9490","RF Nacional"
"CFMSTDDDEJ","9490","RF Nacional"
"CFMSTDDDIN","9490","RF Nacional"
"CFMSTDDDUN","9490","RF Nacional"
"CFMSTDDLA3","8906","RF Nacional"
"CFMSTDDLAG","8906","RF Nacional"
"CFMSTDDLEJ","9352","RF Nacional"
"CFMSTDDLIN","9352","RF Nacional"
"CFMSTDDLUN","9352","RF Nacional"
"CFMSTDEAPA","8387","Balanceados Nacional"
"CFMSTDGAAE","9648","Balanceados Nacional"
"CFMSTDGAAP","9648","Balanceados Nacional"
"CFMSTDGADI","9648","Balanceados Nacional"
"CFMSTDGAPG","9649","Balanceados Nacional"
"CFMSTDGDAM","8090","RV Nacional"
"CFMSTDGDOU","8090","RV Nacional"
"CFMSTDGEAP","9646","Balanceados Nacional"
"CFMSTDGEDI","9646","Balanceados Nacional"
"CFMSTDGEM2","8058","RV Nacional"
"CFMSTDGEM3","8058","RV Nacional"
"CFMSTDGEMG","8058","RV Nacional"
"CFMSTDGEMI","8058","RV Nacional"
"CFMSTDGPDI","9649","Balanceados Nacional"
"CFMSTDGPRB","8387","Balanceados Nacional"
"CFMSTDGPRR","8387","Balanceados Nacional"
"CFMSTDGPRU","8387","Balanceados Nacional"
"CFMSTDHDPB","8077","RF Nacional"
"CFMSTDHDPC","8077","RF Nacional"
"CFMSTDHDPS","8077","RF Nacional"
"CFMSTDLACC","8160","RV Nacional"
"CFMSTDLATB","8160","RV Nacional"
"CFMSTDLATC","8160","RV Nacional"
"CFMSTDLPAM","8082","RF Nacional"
"CFMSTDMDAL","8230","RF Nacional"
"CFMSTDMMAM","8057","RF Nacional"
"CFMSTDMMCO","8057","RF Nacional"
"CFMSTDMMDA","8230","RF Nacional"
"CFMSTDMMKB","8057","RF Nacional"
"CFMSTDMMKC","8057","RF Nacional"
"CFMSTDMMKG","8057","RF Nacional"
"CFMSTDMMKT","8057","RF Nacional"
"CFMSTDMOMP","8057","RF Nacional"
"CFMSTDPBAG","8908","Balanceados Nacional"
"CFMSTDPBCG","8910","Balanceados Nacional"
"CFMSTDPBMG","8911","Balanceados Nacional"
"CFMSTDPKAA","8908","Balanceados Nacional"
"CFMSTDPKCA","8910","Balanceados Nacional"
"CFMSTDPKMA","8911","Balanceados Nacional"
"CFMSTDRALC","8906","RF Nacional"
"CFMSTDRCDI","8615","RF Nacional"
"CFMSTDRCPG","8615","RF Nacional"
"CFMSTDRLA3","8082","RF Nacional"
"CFMSTDRLAG","8082","RF Nacional"
"CFMSTDRLAI","8082","RF Nacional"
"CFMSTDRLPE","8082","RF Nacional"
"CFMSTDRLU2","8077","RF Nacional"
"CFMSTDRLU3","8077","RF Nacional"
"CFMSTDRLUG","8077","RF Nacional"
"CFMSTDRLUI","8077","RF Nacional"
"CFMSTDRMAM","8280","RF Nacional"
"CFMSTDRMCO","8280","RF Nacional"
"CFMSTDRMEE","8280","RF Nacional"
"CFMSTDRMEG","8280","RF Nacional"
"CFMSTDRSAM","9034","RF Nacional"
"CFMSTDRSCO","9034","RF Nacional"
"CFMSTDRSE3","9034","RF Nacional"
"CFMSTDRSEG","9034","RF Nacional"
"CFMSTDRSGL","9034","RF Nacional"
"CFMSTDRSPA","9034","RF Nacional"
"CFMSTDRTBL","8082","RF Nacional"
"CFMSTDRUAM","8077","RF Nacional"
"CFMSTDRUCO","8077","RF Nacional"
"CFMSTDSADR","8082","RF Nacional"
"CFMSTDSARE","8906","RF Nacional"
"CFMSTDSARI","8906","RF Nacional"
"CFMSTDSARR","8906","RF Nacional"
"CFMSTDSESR","8280","RF Nacional"
"CFMSTDSTE2","8387","Balanceados Nacional"
"CFMSTDSTE3","8387","Balanceados Nacional"
"CFMSTDSUIN","8280","RF Nacional"
"CFMSTDTSAM","8209","RF Nacional"
"CFMSTDTSRA","8209","RF Nacional"
"CFMSTDTSRC","8209","RF Nacional"
"CFMSTDTSRI","8209","RF Nacional"
"CFMSTDUSAA","8488","RV Nacional"
"CFMSTDUSAP","8488","RV Nacional"
"CFMSURAEMA","8916","RV Nacional"
"CFMSURAEMC","8916","RV Nacional"
"CFMSURAEMF","8916","RV Nacional"
"CFMSURAEMH","8916","RV Nacional"
"CFMSURAEMI","8916","RV Nacional"
"CFMSURAEMS","8916","RV Nacional"
"CFMSURAMAA","9473","Balanceados Nacional"
"CFMSURAMAC","9473","Balanceados Nacional"
"CFMSURAMAF","9473","Balanceados Nacional"
"CFMSURAMAH","9473","Balanceados Nacional"
"CFMSURAMAI","9473","Balanceados Nacional"
"CFMSURAMMA","9474","Balanceados Nacional"
"CFMSURAMMC","9474","Balanceados Nacional"
"CFMSURAMMF","9474","Balanceados Nacional"
"CFMSURAMMH","9474","Balanceados Nacional"
"CFMSURAMMI","9474","Balanceados Nacional"
"CFMSURARBS","8676","RF Nacional"
"CFMSURAUSA","8915","RV Nacional"
"CFMSURAUSC","8915","RV Nacional"
"CFMSURAUSF","8915","RV Nacional"
"CFMSURAUSH","8915","RV Nacional"
"CFMSURAUSI","8915","RV Nacional"
"CFMSURAUSS","8915","RV Nacional"
"CFMSURCLPA","8956","RF Nacional"
"CFMSURCLPC","8956","RF Nacional"
"CFMSURCLPF","8956","RF Nacional"
"CFMSURCLPH","8956","RF Nacional"
"CFMSURCLPI","8956","RF Nacional"
"CFMSURCPLA","9106","RF Nacional"
"CFMSURCPLC","9106","RF Nacional"
"CFMSURCPLF","9106","RF Nacional"
"CFMSURCPLH","9106","RF Nacional"
"CFMSURCPLI","9106","RF Nacional"
"CFMSURECOA","8773","Balanceados Nacional"
"CFMSURECOC","8773","Balanceados Nacional"
"CFMSURECOF","8773","Balanceados Nacional"
"CFMSURECOH","8773","Balanceados Nacional"
"CFMSURECOI","8773","Balanceados Nacional"
"CFMSURRBCA","8676","RF Nacional"
"CFMSURRBCC","8676","RF Nacional"
"CFMSURRBCF","8676","RF Nacional"
"CFMSURRBCH","8676","RF Nacional"
"CFMSURRBCI","8676","RF Nacional"
"CFMSURRCPS","9106","RF Nacional"
"CFMSURRDCA","8678","RF Nacional"
"CFMSURRDCC","8678","RF Nacional"
"CFMSURRDCF","8678","RF Nacional"
"CFMSURRDCH","8678","RF Nacional"
"CFMSURRDCI","8678","RF Nacional"
"CFMSURRDCS","8678","RF Nacional"
"CFMSURRLOA","9084","RF Nacional"
"CFMSURRLOC","9084","RF Nacional"
"CFMSURRLOF","9084","RF Nacional"
"CFMSURRLOH","9084","RF Nacional"
"CFMSURRLOI","9084","RF Nacional"
"CFMSURRLUS","9084","RF Nacional"
"CFMSURRVAS","8956","RF Nacional"
"CFMSURSALA","8684","RV Nacional"
"CFMSURSALC","8684","RV Nacional"
"CFMSURSALF","8684","RV Nacional"
"CFMSURSALH","8684","RV Nacional"
"CFMSURSALI","8684","RV Nacional"
"CFMSURSALS","8684","RV Nacional"
"CFMSURSCCA","8685","RV Nacional"
"CFMSURSCCC","8685","RV Nacional"
"CFMSURSCCF","8685","RV Nacional"
"CFMSURSCCH","8685","RV Nacional"
"CFMSURSCCI","8685","RV Nacional"
"CFMSURSCCS","8685","RV Nacional"
"CFMSURSGLA","8707","RV Nacional"
"CFMSURSGLC","8707","RV Nacional"
"CFMSURSGLF","8707","RV Nacional"
"CFMSURSGLH","8707","RV Nacional"
"CFMSURSGLI","8707","RV Nacional"
"CFMTOEEQUB","9414","RV Nacional"
"CFMTOEEQUI","9414","RV Nacional"
"CFMZCDOCUI","8629","RF Nacional"
"CFMZCELCUI","9625","RV Nacional"
"CFMZCHACCR","8381","RV Nacional"
"CFMZCHESGD","9625","RV Nacional"
"CFMZCHEURE","8456","RV Nacional"
"CFMZCHMMTE","8459","RF Nacional"
"CFMZCHPATZ","8346","RF Nacional"
"CFMZCHRNOE","8411","RF Nacional"
"CFMZCHRPLE","8363","RF Nacional"
"CFMZCHUSAE","8458","RV Nacional"
"CFMZCHYD-E","8946","RF Nacional"
"CFMZCPMCUI","8346","RF Nacional"
"CFMZCSGCUI","8621","RV Nacional"
"CFMZESDA-E","8946","RF Nacional"
"CFMZEXPA-E","8455","RF Nacional"
"CFMZEXPD-E","8455","RF Nacional"
"CFMZEXPE-E","8455","RF Nacional"
"CFMZURREFE","8853","RF Nacional"
"CFMZURSALA","8621","RV Nacional"
"CFMZURSALZ","8621","RV Nacional"
"CFMZURZIOA","8346","RF Nacional"
"CFMZURZIOD","8346","RF Nacional"
"CMFIMTDEUM","9056","RF Nacional"
"COPX",NA,"RV Internacional"
"DNCA",NA,"RF Internacional"
"EEM",NA,"RV Internacional"
"GDX",NA,"RV Internacional"
"IWM",NA,"RV Internacional"
"USTREA0215",NA,"RF Internacional"
"VONTOBEL CREDIT OPPO",NA,"RF Internacional"
"CFIFYNDEPA",,"Alternativos Nacional"
